<StateOfPlay xmlns="http://www.bulstat.bg/StateOfPlay" xmlns:xsi="http://www.w3.org/2001/XMLSchema-instance" xsi:schemaLocation="http://www.bulstat.bg/StateOfPlay D:\Projects\RegiX\Local\TradeReg\Bulstat\тест\AVBulstat2ServiceReference\StateOfPlay.xsd">
	<Subject>
		<EntryTime xmlns="http://www.bulstat.bg/Entry">2001-12-17T09:30:47Z</EntryTime>
		<UIC xmlns="http://www.bulstat.bg/Subject">
			<EntryTime xmlns="http://www.bulstat.bg/Entry">2001-12-17T09:30:47Z</EntryTime>
			<UIC xmlns="http://www.bulstat.bg/UIC">1212120908</UIC>
			<UICType xmlns="http://www.bulstat.bg/UIC">
				<Code xmlns="http://www.bulstat.bg/NomenclatureEntry">1</Code>
			</UICType>
		</UIC>
		<SubjectType xmlns="http://www.bulstat.bg/Subject">
			<Code xmlns="http://www.bulstat.bg/NomenclatureEntry">897</Code>
		</SubjectType>
		<LegalEntitySubject xmlns="http://www.bulstat.bg/Subject">
			<EntryTime xmlns="http://www.bulstat.bg/Entry">2001-12-17T09:30:47Z</EntryTime>
			<Country xmlns="http://www.bulstat.bg/LegalEntity">
				<Code xmlns="http://www.bulstat.bg/NomenclatureEntry">100</Code>
			</Country>
			<LegalForm xmlns="http://www.bulstat.bg/LegalEntity">
				<Code xmlns="http://www.bulstat.bg/NomenclatureEntry">486</Code>
			</LegalForm>
			<LegalStatute xmlns="http://www.bulstat.bg/LegalEntity">
				<Code xmlns="http://www.bulstat.bg/NomenclatureEntry">436</Code>
			</LegalStatute>
			<SubjectGroup xmlns="http://www.bulstat.bg/LegalEntity">
				<Code xmlns="http://www.bulstat.bg/NomenclatureEntry">437</Code>
			</SubjectGroup>
			<CyrillicFullName xmlns="http://www.bulstat.bg/LegalEntity">АМПЕРЕЛ ООД</CyrillicFullName>
			<CyrillicShortName xmlns="http://www.bulstat.bg/LegalEntity">АМПЕРЕЛ</CyrillicShortName>
			<LatinFullName xmlns="http://www.bulstat.bg/LegalEntity">Amperel Ltd</LatinFullName>
			<SubordinateLevel xmlns="http://www.bulstat.bg/LegalEntity">
				<Code xmlns="http://www.bulstat.bg/NomenclatureEntry">616</Code>
			</SubordinateLevel>
		</LegalEntitySubject>
		<Communications xmlns="http://www.bulstat.bg/Subject">
			<EntryTime xmlns="http://www.bulstat.bg/Entry">2001-12-17T09:30:47Z</EntryTime>
			<Type xmlns="http://www.bulstat.bg/Communication">
				<Code xmlns="http://www.bulstat.bg/NomenclatureEntry">721</Code>
			</Type>
			<Value xmlns="http://www.bulstat.bg/Communication">02/8090776</Value>
		</Communications>
		<Communications xmlns="http://www.bulstat.bg/Subject">
			<EntryTime xmlns="http://www.bulstat.bg/Entry">2001-12-17T09:30:47Z</EntryTime>
			<Type xmlns="http://www.bulstat.bg/Communication">
				<Code xmlns="http://www.bulstat.bg/NomenclatureEntry">723</Code>
			</Type>
			<Value xmlns="http://www.bulstat.bg/Communication">info@amperel.net</Value>
		</Communications>
		<Communications xmlns="http://www.bulstat.bg/Subject">
			<EntryTime xmlns="http://www.bulstat.bg/Entry">2001-12-17T09:30:47Z</EntryTime>
			<Type xmlns="http://www.bulstat.bg/Communication">
				<Code xmlns="http://www.bulstat.bg/NomenclatureEntry">724</Code>
			</Type>
			<Value xmlns="http://www.bulstat.bg/Communication">www.amperel.net</Value>
		</Communications>
		<Addresses xmlns="http://www.bulstat.bg/Subject">
			<EntryTime xmlns="http://www.bulstat.bg/Entry">2017-04-19T08:13:27.252</EntryTime>
			<AddressType xmlns="http://www.bulstat.bg/Address">
				<Code xmlns="http://www.bulstat.bg/NomenclatureEntry">718</Code>
			</AddressType>
			<Country xmlns="http://www.bulstat.bg/Address">
				<Code xmlns="http://www.bulstat.bg/NomenclatureEntry">100</Code>
			</Country>
			<PostalCode xmlns="http://www.bulstat.bg/Address">8800</PostalCode>
			<Location xmlns="http://www.bulstat.bg/Address">
				<Code xmlns="http://www.bulstat.bg/NomenclatureEntry">67338</Code>
			</Location>
			<Street xmlns="http://www.bulstat.bg/Address">ж.к. Дружба</Street>
			<Building xmlns="http://www.bulstat.bg/Address">29</Building>
			<Entrance xmlns="http://www.bulstat.bg/Address">В</Entrance>
			<Apartment xmlns="http://www.bulstat.bg/Address">25</Apartment>
		</Addresses>
		<Addresses xmlns="http://www.bulstat.bg/Subject">
			<EntryTime xmlns="http://www.bulstat.bg/Entry">2016-08-16T16:10:02.811</EntryTime>
			<AddressType xmlns="http://www.bulstat.bg/Address">
				<Code xmlns="http://www.bulstat.bg/NomenclatureEntry">719</Code>
			</AddressType>
			<Country xmlns="http://www.bulstat.bg/Address">
				<Code xmlns="http://www.bulstat.bg/NomenclatureEntry">100</Code>
			</Country>
			<PostalCode xmlns="http://www.bulstat.bg/Address">8800</PostalCode>
			<Location xmlns="http://www.bulstat.bg/Address">
				<Code xmlns="http://www.bulstat.bg/NomenclatureEntry">67338</Code>
			</Location>
			<Street xmlns="http://www.bulstat.bg/Address">ул. ДРАГАН ЦАНКОВ</Street>
			<Building xmlns="http://www.bulstat.bg/Address">71</Building>
			<Entrance xmlns="http://www.bulstat.bg/Address">Б</Entrance>
			<Floor xmlns="http://www.bulstat.bg/Address">2</Floor>
			<Apartment xmlns="http://www.bulstat.bg/Address">14</Apartment>
		</Addresses>
		<Remark xmlns="http://www.bulstat.bg/Subject">T25:Remark</Remark>
	</Subject>
	<MainActivity2008>
		<EntryTime xmlns="http://www.bulstat.bg/Entry">2014-12-08T11:58:53</EntryTime>
		<KID2008 xmlns="http://www.bulstat.bg/SubjectPropActivityKID2008">
			<Code xmlns="http://www.bulstat.bg/NomenclatureEntry">8412</Code>
		</KID2008>
	</MainActivity2008>
	<MainActivity2003>
		<EntryTime xmlns="http://www.bulstat.bg/Entry">2001-06-18T11:24:42</EntryTime>
		<NKID2003 xmlns="http://www.bulstat.bg/SubjectPropActivityKID2003">
			<Code xmlns="http://www.bulstat.bg/NomenclatureEntry">818</Code>
		</NKID2003>
	</MainActivity2003>
	<Installments>
		<EntryTime xmlns="http://www.bulstat.bg/Entry">2001-12-17T09:30:47Z</EntryTime>
		<Count xmlns="http://www.bulstat.bg/SubjectPropInstallments">1</Count>
		<Amount xmlns="http://www.bulstat.bg/SubjectPropInstallments">100.0</Amount>
	</Installments>
	<LifeTime>
		<EntryTime xmlns="http://www.bulstat.bg/Entry">2001-12-17T09:30:47Z</EntryTime>
		<Date xmlns="http://www.bulstat.bg/SubjectPropLifeTime">2001-01-01</Date>
		<Description xmlns="http://www.bulstat.bg/SubjectPropLifeTime">Description</Description>
	</LifeTime>
	<AccountingRecordForm>
		<EntryTime xmlns="http://www.bulstat.bg/Entry">1999-01-01T01:00:00</EntryTime>
		<Form xmlns="http://www.bulstat.bg/SubjectPropAccountingRecordForm">
			<Code xmlns="http://www.bulstat.bg/NomenclatureEntry">964</Code>
		</Form>
	</AccountingRecordForm>
	<OwnershipForms>
		<EntryTime xmlns="http://www.bulstat.bg/Entry">2003-01-30T18:02:11</EntryTime>
		<Form xmlns="http://www.bulstat.bg/SubjectPropOwnershipForm">
			<Code xmlns="http://www.bulstat.bg/NomenclatureEntry">576</Code>
		</Form>
		<Percent xmlns="http://www.bulstat.bg/SubjectPropOwnershipForm">100</Percent>
	</OwnershipForms>
	<FundingSources>
		<EntryTime xmlns="http://www.bulstat.bg/Entry">2003-01-25T16:23:54</EntryTime>
		<Source xmlns="http://www.bulstat.bg/SubjectPropFundingSource">
			<Code xmlns="http://www.bulstat.bg/NomenclatureEntry">589</Code>
		</Source>
		<Percent xmlns="http://www.bulstat.bg/SubjectPropFundingSource">100</Percent>
	</FundingSources>
	<State>
		<EntryTime xmlns="http://www.bulstat.bg/Entry">2017-04-19T08:13:27.252</EntryTime>
		<State xmlns="http://www.bulstat.bg/SubjectPropState">
			<Code xmlns="http://www.bulstat.bg/NomenclatureEntry">571</Code>
		</State>
	</State>
	<Managers>
		<EntryTime xmlns="http://www.bulstat.bg/Entry">2015-02-19T13:36:08</EntryTime>
		<RelatedSubject xmlns="http://www.bulstat.bg/SubjectRelManager">
			<EntryTime xmlns="http://www.bulstat.bg/Entry">2001-06-18T14:21:17</EntryTime>
			<UIC xmlns="http://www.bulstat.bg/Subject">
				<EntryTime xmlns="http://www.bulstat.bg/Entry">2003-01-25T16:23:54</EntryTime>
				<UIC xmlns="http://www.bulstat.bg/UIC">1110150562011</UIC>
				<UICType xmlns="http://www.bulstat.bg/UIC">
					<Code xmlns="http://www.bulstat.bg/NomenclatureEntry">1</Code>
				</UICType>
			</UIC>
			<SubjectType xmlns="http://www.bulstat.bg/Subject">
				<Code xmlns="http://www.bulstat.bg/NomenclatureEntry">897</Code>
			</SubjectType>
			<NaturalPersonSubject xmlns="http://www.bulstat.bg/Subject">
				<EntryTime xmlns="http://www.bulstat.bg/Entry">2001-05-01T00:00:00</EntryTime>
				<Country xmlns="http://www.bulstat.bg/NaturalPerson">
					<Code xmlns="http://www.bulstat.bg/NomenclatureEntry">100</Code>
				</Country>
				<EGN xmlns="http://www.bulstat.bg/NaturalPerson">6908080808</EGN>
				<CyrillicName xmlns="http://www.bulstat.bg/NaturalPerson">МАРИЯ ГЕОРГИЕВА ГЕОРГИЕВА</CyrillicName>
				<LatinName xmlns="http://www.bulstat.bg/NaturalPerson">MARIYA GEORGIEVA GEORGIEVA</LatinName>
				<BirthDate xmlns="http://www.bulstat.bg/NaturalPerson">1969-08-08T00:00:00.000</BirthDate>
			</NaturalPersonSubject>
		</RelatedSubject>
		<Position xmlns="http://www.bulstat.bg/SubjectRelManager">
			<Code xmlns="http://www.bulstat.bg/NomenclatureEntry">640</Code>
		</Position>
	</Managers>
	<Partners>
		<EntryTime xmlns="http://www.bulstat.bg/Entry">2001-12-17T09:30:47Z</EntryTime>
		<OperationType xmlns="http://www.bulstat.bg/SubscriptionElement">erase</OperationType>
		<RelatedSubject xmlns="http://www.bulstat.bg/SubjectRelPartner">
			<EntryTime xmlns="http://www.bulstat.bg/Entry">2001-06-18T14:21:17</EntryTime>
			<UIC xmlns="http://www.bulstat.bg/Subject">
				<EntryTime xmlns="http://www.bulstat.bg/Entry">2003-01-25T16:23:54</EntryTime>
				<UIC xmlns="http://www.bulstat.bg/UIC">1110150562011</UIC>
				<UICType xmlns="http://www.bulstat.bg/UIC">
					<Code xmlns="http://www.bulstat.bg/NomenclatureEntry">1</Code>
				</UICType>
			</UIC>
			<SubjectType xmlns="http://www.bulstat.bg/Subject">
				<Code xmlns="http://www.bulstat.bg/NomenclatureEntry">897</Code>
			</SubjectType>
			<NaturalPersonSubject xmlns="http://www.bulstat.bg/Subject">
				<EntryTime xmlns="http://www.bulstat.bg/Entry">2001-05-01T00:00:00</EntryTime>
				<Country xmlns="http://www.bulstat.bg/NaturalPerson">
					<Code xmlns="http://www.bulstat.bg/NomenclatureEntry">100</Code>
				</Country>
				<EGN xmlns="http://www.bulstat.bg/NaturalPerson">7008080808</EGN>
				<CyrillicName xmlns="http://www.bulstat.bg/NaturalPerson">ГЕРГАНА ГЕОРГИЕВА ГЕОРГИЕВА</CyrillicName>
				<LatinName xmlns="http://www.bulstat.bg/NaturalPerson">GERGANA GEORGIEVA GEORVIEVA</LatinName>
				<BirthDate xmlns="http://www.bulstat.bg/NaturalPerson">1970-08-08T00:00:00.000</BirthDate>
			</NaturalPersonSubject>
		</RelatedSubject>
		<Percent xmlns="http://www.bulstat.bg/SubjectRelPartner">1.123</Percent>
		<Amount xmlns="http://www.bulstat.bg/SubjectRelPartner">1.12</Amount>
	</Partners>
	<Assignee>
		<EntryTime xmlns="http://www.bulstat.bg/Entry">2001-12-17T09:30:47Z</EntryTime>
		<OperationType xmlns="http://www.bulstat.bg/SubscriptionElement">register</OperationType>
		<RelatedSubjects xmlns="http://www.bulstat.bg/SubjectRelAssignee">
			<EntryTime xmlns="http://www.bulstat.bg/Entry">2002-11-23T09:30:47Z</EntryTime>
			<UIC xmlns="http://www.bulstat.bg/Subject">
				<EntryTime xmlns="http://www.bulstat.bg/Entry">2003-01-25T16:23:54</EntryTime>
				<UIC xmlns="http://www.bulstat.bg/UIC">1110150562011</UIC>
				<UICType xmlns="http://www.bulstat.bg/UIC">
					<Code xmlns="http://www.bulstat.bg/NomenclatureEntry">1</Code>
				</UICType>
			</UIC>
			<SubjectType xmlns="http://www.bulstat.bg/Subject">
				<Code xmlns="http://www.bulstat.bg/NomenclatureEntry">896</Code>
			</SubjectType>
			<LegalEntitySubject xmlns="http://www.bulstat.bg/Subject">
				<EntryTime xmlns="http://www.bulstat.bg/Entry">2011-04-15T14:36:40</EntryTime>
				<Country xmlns="http://www.bulstat.bg/LegalEntity">
					<Code xmlns="http://www.bulstat.bg/NomenclatureEntry">100</Code>
				</Country>
				<LegalForm xmlns="http://www.bulstat.bg/LegalEntity">
					<Code xmlns="http://www.bulstat.bg/NomenclatureEntry">530</Code>
				</LegalForm>
				<LegalStatute xmlns="http://www.bulstat.bg/LegalEntity">
					<Code xmlns="http://www.bulstat.bg/NomenclatureEntry">436</Code>
				</LegalStatute>
				<SubjectGroup xmlns="http://www.bulstat.bg/LegalEntity">
					<Code xmlns="http://www.bulstat.bg/NomenclatureEntry">452</Code>
				</SubjectGroup>
				<CyrillicFullName xmlns="http://www.bulstat.bg/LegalEntity">ДИРЕКЦИЯ "СОЦИАЛНО ПОДПОМАГАНЕ" - СОФИЯ</CyrillicFullName>
				<CyrillicShortName xmlns="http://www.bulstat.bg/LegalEntity">ДИРЕКЦИЯ " СОЦИАЛНО ПОДПОМАГАНЕ" - СОФИЯ</CyrillicShortName>
				<LatinFullName xmlns="http://www.bulstat.bg/LegalEntity">DIREKTSIYA " SOTSIALNO PODPOMAGANE" - SOFIA</LatinFullName>
				<SubordinateLevel xmlns="http://www.bulstat.bg/LegalEntity">
					<Code xmlns="http://www.bulstat.bg/NomenclatureEntry">617</Code>
				</SubordinateLevel>
			</LegalEntitySubject>
			<Communications xmlns="http://www.bulstat.bg/Subject">
				<EntryTime xmlns="http://www.bulstat.bg/Entry">2011-04-15T14:36:41</EntryTime>
				<Type xmlns="http://www.bulstat.bg/Communication">
					<Code xmlns="http://www.bulstat.bg/NomenclatureEntry">721</Code>
				</Type>
				<Value xmlns="http://www.bulstat.bg/Communication">(02)624192</Value>
			</Communications>
			<Communications xmlns="http://www.bulstat.bg/Subject">
				<EntryTime xmlns="http://www.bulstat.bg/Entry">2011-04-15T14:36:42</EntryTime>
				<Type xmlns="http://www.bulstat.bg/Communication">
					<Code xmlns="http://www.bulstat.bg/NomenclatureEntry">722</Code>
				</Type>
				<Value xmlns="http://www.bulstat.bg/Communication">(02)660349</Value>
			</Communications>
			<Addresses xmlns="http://www.bulstat.bg/Subject">
				<EntryTime xmlns="http://www.bulstat.bg/Entry">2003-01-27T15:05:25</EntryTime>
				<AddressType xmlns="http://www.bulstat.bg/Address">
					<Code xmlns="http://www.bulstat.bg/NomenclatureEntry">718</Code>
				</AddressType>
				<Country xmlns="http://www.bulstat.bg/Address">
					<Code xmlns="http://www.bulstat.bg/NomenclatureEntry">100</Code>
				</Country>
				<PostalCode xmlns="http://www.bulstat.bg/Address">6300</PostalCode>
				<Location xmlns="http://www.bulstat.bg/Address">
					<Code xmlns="http://www.bulstat.bg/NomenclatureEntry">77195</Code>
				</Location>
				<Street xmlns="http://www.bulstat.bg/Address">ул.ПАТРИАРХ ЕВТИМИЙ</Street>
				<StreetNumber xmlns="http://www.bulstat.bg/Address">2</StreetNumber>
			</Addresses>
			<Remark xmlns="http://www.bulstat.bg/Subject">Тест</Remark>
		</RelatedSubjects>
	</Assignee>
	<Belonging>
		<EntryTime xmlns="http://www.bulstat.bg/Entry">2003-01-25T16:23:54</EntryTime>
		<RelatedSubject xmlns="http://www.bulstat.bg/SubjectRelBelonging">
			<EntryTime xmlns="http://www.bulstat.bg/Entry">2009-09-09T09:42:02</EntryTime>
			<UIC xmlns="http://www.bulstat.bg/Subject">
				<EntryTime xmlns="http://www.bulstat.bg/Entry">1999-01-01T01:00:00</EntryTime>
				<UIC xmlns="http://www.bulstat.bg/UIC">121015056</UIC>
				<UICType xmlns="http://www.bulstat.bg/UIC">
					<Code xmlns="http://www.bulstat.bg/NomenclatureEntry">1</Code>
				</UICType>
			</UIC>
			<SubjectType xmlns="http://www.bulstat.bg/Subject">
				<Code xmlns="http://www.bulstat.bg/NomenclatureEntry">896</Code>
			</SubjectType>
			<LegalEntitySubject xmlns="http://www.bulstat.bg/Subject">
				<EntryTime xmlns="http://www.bulstat.bg/Entry">2003-01-02T15:38:55</EntryTime>
				<Country xmlns="http://www.bulstat.bg/LegalEntity">
					<Code xmlns="http://www.bulstat.bg/NomenclatureEntry">100</Code>
				</Country>
				<LegalForm xmlns="http://www.bulstat.bg/LegalEntity">
					<Code xmlns="http://www.bulstat.bg/NomenclatureEntry">533</Code>
				</LegalForm>
				<LegalStatute xmlns="http://www.bulstat.bg/LegalEntity">
					<Code xmlns="http://www.bulstat.bg/NomenclatureEntry">435</Code>
				</LegalStatute>
				<SubjectGroup xmlns="http://www.bulstat.bg/LegalEntity">
					<Code xmlns="http://www.bulstat.bg/NomenclatureEntry">453</Code>
				</SubjectGroup>
				<CyrillicFullName xmlns="http://www.bulstat.bg/LegalEntity">АГЕНЦИЯ ЗА СОЦИАЛНО ПОДПОМАГАНЕ</CyrillicFullName>
				<CyrillicShortName xmlns="http://www.bulstat.bg/LegalEntity">АГЕНЦИЯ ЗА СОЦИАЛНО ПОДПОМАГАНЕ</CyrillicShortName>
				<LatinFullName xmlns="http://www.bulstat.bg/LegalEntity">AGENTSIYA ZA SOTSIALNO PODPOMAGANE</LatinFullName>
				<SubordinateLevel xmlns="http://www.bulstat.bg/LegalEntity">
					<Code xmlns="http://www.bulstat.bg/NomenclatureEntry">616</Code>
				</SubordinateLevel>
			</LegalEntitySubject>
		</RelatedSubject>
		<Type xmlns="http://www.bulstat.bg/SubjectRelBelonging">
			<Code xmlns="http://www.bulstat.bg/NomenclatureEntry">710</Code>
		</Type>
	</Belonging>
	<CollectiveBodies>
		<EntryTime xmlns="http://www.bulstat.bg/Entry">2001-12-18T09:30:47Z</EntryTime>
		<Members xmlns="http://www.bulstat.bg/SubjectPropCollectiveBody">
			<EntryTime xmlns="http://www.bulstat.bg/Entry">2001-12-13T09:30:47Z</EntryTime>
			<OperationType xmlns="http://www.bulstat.bg/SubscriptionElement">register</OperationType>
			<RelatedSubject xmlns="http://www.bulstat.bg/SubjectRelCollectiveBodyMember">
				<EntryTime xmlns="http://www.bulstat.bg/Entry">2011-12-17T09:30:47Z</EntryTime>
				<UIC xmlns="http://www.bulstat.bg/Subject">
					<EntryTime xmlns="http://www.bulstat.bg/Entry">2015-04-09T14:50:07</EntryTime>
					<UIC xmlns="http://www.bulstat.bg/UIC">9311111110</UIC>
					<UICType xmlns="http://www.bulstat.bg/UIC">
						<Code xmlns="http://www.bulstat.bg/NomenclatureEntry">2</Code>
					</UICType>
				</UIC>
				<SubjectType xmlns="http://www.bulstat.bg/Subject">
					<Code xmlns="http://www.bulstat.bg/NomenclatureEntry">897</Code>
				</SubjectType>
				<NaturalPersonSubject xmlns="http://www.bulstat.bg/Subject">
					<EntryTime xmlns="http://www.bulstat.bg/Entry">2015-04-09T14:39:18</EntryTime>
					<Country xmlns="http://www.bulstat.bg/NaturalPerson">
						<Code xmlns="http://www.bulstat.bg/NomenclatureEntry">100</Code>
					</Country>
					<EGN xmlns="http://www.bulstat.bg/NaturalPerson">9311111111</EGN>
					<CyrillicName xmlns="http://www.bulstat.bg/NaturalPerson">ДИАНА НИКОЛОВА НИКОЛОВА</CyrillicName>
					<LatinName xmlns="http://www.bulstat.bg/NaturalPerson">DIANA NIKOLOVA NIKOLOVA</LatinName>
					<BirthDate xmlns="http://www.bulstat.bg/NaturalPerson">2013-01-01T00:00:00.000</BirthDate>
					<IdentificationDoc xmlns="http://www.bulstat.bg/NaturalPerson">
						<EntryTime xmlns="http://www.bulstat.bg/Entry">2015-04-09T14:39:18</EntryTime>
						<IDType xmlns="http://www.bulstat.bg/IdentificationDoc">
							<Code xmlns="http://www.bulstat.bg/NomenclatureEntry">788</Code>
						</IDType>
						<IDNumber xmlns="http://www.bulstat.bg/IdentificationDoc">643333333</IDNumber>
						<Country xmlns="http://www.bulstat.bg/IdentificationDoc">
							<Code xmlns="http://www.bulstat.bg/NomenclatureEntry">100</Code>
						</Country>
						<IssueDate xmlns="http://www.bulstat.bg/IdentificationDoc">2012-02-07T00:00:00.000</IssueDate>
					</IdentificationDoc>
				</NaturalPersonSubject>
				<CountrySubject xmlns="http://www.bulstat.bg/Subject">
					<Code xmlns="http://www.bulstat.bg/NomenclatureEntry">100</Code>
				</CountrySubject>
				<Communications xmlns="http://www.bulstat.bg/Subject">
					<EntryTime xmlns="http://www.bulstat.bg/Entry">2015-04-09T14:50:05</EntryTime>
					<Type xmlns="http://www.bulstat.bg/Communication">
						<Code xmlns="http://www.bulstat.bg/NomenclatureEntry">721</Code>
					</Type>
					<Value xmlns="http://www.bulstat.bg/Communication">089123456</Value>
				</Communications>
				<Communications xmlns="http://www.bulstat.bg/Subject">
					<EntryTime xmlns="http://www.bulstat.bg/Entry">2015-04-09T14:50:05</EntryTime>
					<Type xmlns="http://www.bulstat.bg/Communication">
						<Code xmlns="http://www.bulstat.bg/NomenclatureEntry">723</Code>
					</Type>
					<Value xmlns="http://www.bulstat.bg/Communication">best_test@abv.bg</Value>
				</Communications>
				<Addresses xmlns="http://www.bulstat.bg/Subject">
					<EntryTime xmlns="http://www.bulstat.bg/Entry">2015-04-09T14:50:05</EntryTime>
					<AddressType xmlns="http://www.bulstat.bg/Address">
						<Code xmlns="http://www.bulstat.bg/NomenclatureEntry">2</Code>
					</AddressType>
					<Country xmlns="http://www.bulstat.bg/Address">
						<Code xmlns="http://www.bulstat.bg/NomenclatureEntry">100</Code>
					</Country>
					<PostalCode xmlns="http://www.bulstat.bg/Address">6172</PostalCode>
					<Location xmlns="http://www.bulstat.bg/Address">
						<Code xmlns="http://www.bulstat.bg/NomenclatureEntry">22767</Code>
					</Location>
					<Street xmlns="http://www.bulstat.bg/Address">ул. ВЕРЕЯ</Street>
					<StreetNumber xmlns="http://www.bulstat.bg/Address">5</StreetNumber>
				</Addresses>
				<Addresses xmlns="http://www.bulstat.bg/Subject">
					<EntryTime xmlns="http://www.bulstat.bg/Entry">2015-04-09T14:50:05</EntryTime>
					<AddressType xmlns="http://www.bulstat.bg/Address">
						<Code xmlns="http://www.bulstat.bg/NomenclatureEntry">720</Code>
					</AddressType>
					<Country xmlns="http://www.bulstat.bg/Address">
						<Code xmlns="http://www.bulstat.bg/NomenclatureEntry">100</Code>
					</Country>
					<PostalCode xmlns="http://www.bulstat.bg/Address">6172</PostalCode>
					<Location xmlns="http://www.bulstat.bg/Address">
						<Code xmlns="http://www.bulstat.bg/NomenclatureEntry">22767</Code>
					</Location>
				</Addresses>
				<Remark xmlns="http://www.bulstat.bg/Subject">регистр. карта изд. на 01.01.2011 г.</Remark>
			</RelatedSubject>
			<Position xmlns="http://www.bulstat.bg/SubjectRelCollectiveBodyMember">
				<Code xmlns="http://www.bulstat.bg/NomenclatureEntry">640</Code>
			</Position>
			<RepresentedSubjects xmlns="http://www.bulstat.bg/SubjectRelCollectiveBodyMember">
				<EntryTime xmlns="http://www.bulstat.bg/Entry">2001-12-17T09:30:47Z</EntryTime>
				<UIC xmlns="http://www.bulstat.bg/Subject">
					<EntryTime xmlns="http://www.bulstat.bg/Entry">2003-01-25T16:23:54</EntryTime>
					<UIC xmlns="http://www.bulstat.bg/UIC">1210150561111</UIC>
					<UICType xmlns="http://www.bulstat.bg/UIC">
						<Code xmlns="http://www.bulstat.bg/NomenclatureEntry">1</Code>
					</UICType>
				</UIC>
				<SubjectType xmlns="http://www.bulstat.bg/Subject">
					<Code xmlns="http://www.bulstat.bg/NomenclatureEntry">896</Code>
				</SubjectType>
				<LegalEntitySubject xmlns="http://www.bulstat.bg/Subject">
					<EntryTime xmlns="http://www.bulstat.bg/Entry">2011-04-15T14:36:40</EntryTime>
					<Country xmlns="http://www.bulstat.bg/LegalEntity">
						<Code xmlns="http://www.bulstat.bg/NomenclatureEntry">100</Code>
					</Country>
					<LegalForm xmlns="http://www.bulstat.bg/LegalEntity">
						<Code xmlns="http://www.bulstat.bg/NomenclatureEntry">530</Code>
					</LegalForm>
					<LegalStatute xmlns="http://www.bulstat.bg/LegalEntity">
						<Code xmlns="http://www.bulstat.bg/NomenclatureEntry">436</Code>
					</LegalStatute>
					<SubjectGroup xmlns="http://www.bulstat.bg/LegalEntity">
						<Code xmlns="http://www.bulstat.bg/NomenclatureEntry">452</Code>
					</SubjectGroup>
					<CyrillicFullName xmlns="http://www.bulstat.bg/LegalEntity">ДИРЕКЦИЯ "СОЦИАЛНО ПОДПОМАГАНЕ" - ПЛОВДИВ</CyrillicFullName>
					<CyrillicShortName xmlns="http://www.bulstat.bg/LegalEntity">ДИРЕКЦИЯ " СОЦИАЛНО ПОДПОМАГАНЕ" - ПЛОВДИВ</CyrillicShortName>
					<LatinFullName xmlns="http://www.bulstat.bg/LegalEntity">DIREKTSIYA " SOTSIALNO PODPOMAGANE" - PLOVDIV</LatinFullName>
					<SubordinateLevel xmlns="http://www.bulstat.bg/LegalEntity">
						<Code xmlns="http://www.bulstat.bg/NomenclatureEntry">617</Code>
					</SubordinateLevel>
				</LegalEntitySubject>
				<Communications xmlns="http://www.bulstat.bg/Subject">
					<EntryTime xmlns="http://www.bulstat.bg/Entry">2016-08-16T16:10:02.811</EntryTime>
					<Type xmlns="http://www.bulstat.bg/Communication">
						<Code xmlns="http://www.bulstat.bg/NomenclatureEntry">721</Code>
					</Type>
					<Value xmlns="http://www.bulstat.bg/Communication">0887123456</Value>
				</Communications>
				<Communications xmlns="http://www.bulstat.bg/Subject">
					<EntryTime xmlns="http://www.bulstat.bg/Entry">2016-08-16T16:10:02.811</EntryTime>
					<Type xmlns="http://www.bulstat.bg/Communication">
						<Code xmlns="http://www.bulstat.bg/NomenclatureEntry">723</Code>
					</Type>
					<Value xmlns="http://www.bulstat.bg/Communication">good.test@abv.bg</Value>
				</Communications>
				<Addresses xmlns="http://www.bulstat.bg/Subject">
					<EntryTime xmlns="http://www.bulstat.bg/Entry">2016-08-16T16:10:02.811</EntryTime>
					<AddressType xmlns="http://www.bulstat.bg/Address">
						<Code xmlns="http://www.bulstat.bg/NomenclatureEntry">2</Code>
					</AddressType>
					<Country xmlns="http://www.bulstat.bg/Address">
						<Code xmlns="http://www.bulstat.bg/NomenclatureEntry">100</Code>
					</Country>
					<PostalCode xmlns="http://www.bulstat.bg/Address">8800</PostalCode>
					<Location xmlns="http://www.bulstat.bg/Address">
						<Code xmlns="http://www.bulstat.bg/NomenclatureEntry">67338</Code>
					</Location>
					<Street xmlns="http://www.bulstat.bg/Address">ул. ДРАГАН ЦАНКОВ</Street>
					<Building xmlns="http://www.bulstat.bg/Address">71</Building>
					<Entrance xmlns="http://www.bulstat.bg/Address">Б</Entrance>
					<Floor xmlns="http://www.bulstat.bg/Address">12</Floor>
					<Apartment xmlns="http://www.bulstat.bg/Address">114</Apartment>
				</Addresses>
				<Addresses xmlns="http://www.bulstat.bg/Subject">
					<EntryTime xmlns="http://www.bulstat.bg/Entry">2016-08-16T16:10:02.811</EntryTime>
					<AddressType xmlns="http://www.bulstat.bg/Address">
						<Code xmlns="http://www.bulstat.bg/NomenclatureEntry">720</Code>
					</AddressType>
					<Country xmlns="http://www.bulstat.bg/Address">
						<Code xmlns="http://www.bulstat.bg/NomenclatureEntry">100</Code>
					</Country>
					<PostalCode xmlns="http://www.bulstat.bg/Address">8800</PostalCode>
					<Location xmlns="http://www.bulstat.bg/Address">
						<Code xmlns="http://www.bulstat.bg/NomenclatureEntry">67338</Code>
					</Location>
					<Street xmlns="http://www.bulstat.bg/Address">ул. ВЕЛИКОКНЯЖЕВСКА</Street>
					<StreetNumber xmlns="http://www.bulstat.bg/Address">16</StreetNumber>
					<Floor xmlns="http://www.bulstat.bg/Address">4</Floor>
					<Apartment xmlns="http://www.bulstat.bg/Address">14</Apartment>
				</Addresses>
				<Remark xmlns="http://www.bulstat.bg/Subject">Тест тест тест</Remark>
			</RepresentedSubjects>
		</Members>
	</CollectiveBodies>
	<ActivityDate>
		<EntryTime xmlns="http://www.bulstat.bg/Entry">2016-08-16T16:10:02.811</EntryTime>
		<Type xmlns="http://www.bulstat.bg/SubjectPropActivityDate">
			<Code xmlns="http://www.bulstat.bg/NomenclatureEntry">1</Code>
		</Type>
		<Date xmlns="http://www.bulstat.bg/SubjectPropActivityDate">2016-08-16T00:00:00.000</Date>
	</ActivityDate>
	<AdditionalActivities2008>
		<EntryTime xmlns="http://www.bulstat.bg/Entry">2001-12-17T09:30:47Z</EntryTime>
		<KID2008 xmlns="http://www.bulstat.bg/SubjectPropActivityKID2008">
			<Code xmlns="http://www.bulstat.bg/NomenclatureEntry">3</Code>
		</KID2008>
	</AdditionalActivities2008>
	<Professions>
		<EntryTime xmlns="http://www.bulstat.bg/Entry">2007-03-27T11:52:52</EntryTime>
		<Profession xmlns="http://www.bulstat.bg/SubjectPropProfession">
			<Code xmlns="http://www.bulstat.bg/NomenclatureEntry">22</Code>
		</Profession>
	</Professions>
	<Professions>
		<EntryTime xmlns="http://www.bulstat.bg/Entry">2016-08-16T16:10:02.811</EntryTime>
		<Profession xmlns="http://www.bulstat.bg/SubjectPropProfession">
			<Code xmlns="http://www.bulstat.bg/NomenclatureEntry">2</Code>
		</Profession>
	</Professions>
</StateOfPlay>
