<ActualStateResponseV2 xmlns="http://egov.bg/RegiX/AV/TR/ActualStateResponseV2"><Deed><DeedStatus>E</DeedStatus><CompanyName>ПЕТРОЛ</CompanyName><GUID>3d7ff55960754425b40de76cd1956868</GUID><UIC>201593305</UIC><LegalForm>AD</LegalForm><CaseNo>1358</CaseNo><CaseYear>1990</CaseYear><CourtNo>110</CourtNo><Records><Record><RecordData><UIC uic="831496285" IsNew="true"><CompanyControl>ПЕТРОЛ</CompanyControl><BulstatDeed><Deed>1358</Deed><Year>1990</Year><CourtCode>110</CourtCode></BulstatDeed></UIC></RecordData><RecordId>697573</RecordId><IncomingId>125882</IncomingId><FieldIdent>00010</FieldIdent><MainField><GroupId>45</GroupId><GroupName>Идентификация</GroupName><SectionId>414</SectionId><SectionName>Обща информация</SectionName><MainFieldIdent>00010</MainFieldIdent><MainFieldCode>1</MainFieldCode><MainFieldName>ЕИК/ПИК</MainFieldName></MainField><FieldEntryNumber>20080331135920</FieldEntryNumber><FieldActionDate>2008-03-31T13:59:20</FieldActionDate></Record><Record><RecordData><Company>ПЕТРОЛ</Company></RecordData><RecordId>697574</RecordId><IncomingId>125882</IncomingId><FieldIdent>00020</FieldIdent><MainField><GroupId>415</GroupId><GroupName>Основни обстоятелства</GroupName><SectionId>1</SectionId><SectionName>Общ статус</SectionName><MainFieldIdent>00020</MainFieldIdent><MainFieldCode>2</MainFieldCode><MainFieldName>Фирма</MainFieldName></MainField><FieldEntryNumber>20080331135920</FieldEntryNumber><FieldActionDate>2008-03-31T13:59:20</FieldActionDate></Record><Record><RecordData><LegalForm Text="Акционерно дружество" Code="5" /></RecordData><RecordId>697577</RecordId><IncomingId>125882</IncomingId><FieldIdent>00030</FieldIdent><MainField><GroupId>415</GroupId><GroupName>Основни обстоятелства</GroupName><SectionId>1</SectionId><SectionName>Общ статус</SectionName><MainFieldIdent>00030</MainFieldIdent><MainFieldCode>3</MainFieldCode><MainFieldName>Правна форма</MainFieldName></MainField><FieldEntryNumber>20080331135920</FieldEntryNumber><FieldActionDate>2008-03-31T13:59:20</FieldActionDate></Record><Record><RecordData><Transliteration>PETROL</Transliteration></RecordData><RecordId>697679</RecordId><IncomingId>125882</IncomingId><FieldIdent>00040</FieldIdent><MainField><GroupId>415</GroupId><GroupName>Основни обстоятелства</GroupName><SectionId>1</SectionId><SectionName>Общ статус</SectionName><MainFieldIdent>00040</MainFieldIdent><MainFieldCode>4</MainFieldCode><MainFieldName>Изписване на чужд език</MainFieldName></MainField><FieldEntryNumber>20080331135920</FieldEntryNumber><FieldActionDate>2008-03-31T13:59:20</FieldActionDate></Record><Record><RecordData><Seat><Address><CountryID>1</CountryID><CountryCode>BGR</CountryCode><Country>БЪЛГАРИЯ</Country><IsForeign>false</IsForeign><DistrictID>40</DistrictID><DistrictEkatte>LOV</DistrictEkatte><District>Ловеч</District><Municipalityid>131</Municipalityid><MunicipalityEkatte>LOV18</MunicipalityEkatte><Municipality>Ловеч</Municipality><SettlementID>2309</SettlementID><SettlementEKATTE>43952</SettlementEKATTE><Settlement>гр. Ловеч</Settlement><AreaID xsi:nil="true" xmlns:xsi="http://www.w3.org/2001/XMLSchema-instance" /><Area /><AreaEkatte /><PostCode>5500</PostCode><ForeignPlace /><HousingEstate /><Street>хотел "Ловеч", ул. Търговска</Street><StreetNumber>12</StreetNumber><Block /><Entrance /><Floor /><Apartment /></Address><Contacts><Phone /><Fax /><EMail>office@petrol.bg</EMail><URL /></Contacts></Seat></RecordData><RecordId>697575</RecordId><IncomingId>15588883</IncomingId><FieldIdent>00050</FieldIdent><MainField><GroupId>415</GroupId><GroupName>Основни обстоятелства</GroupName><SectionId>1</SectionId><SectionName>Общ статус</SectionName><MainFieldIdent>00050</MainFieldIdent><MainFieldCode>5</MainFieldCode><MainFieldName>Седалище и адрес на управление</MainFieldName></MainField><FieldEntryNumber>20141014110401</FieldEntryNumber><FieldActionDate>2014-10-14T11:04:01</FieldActionDate></Record><Record><RecordData><SubjectOfActivity>ПЛACMEHTHO  -  CHAБДИTEЛHA  И  TЪPГOBCKA  ДEЙHOCT C ПETPOЛHИ  ПPOДУKTИ  И  CBЬPЗAHATA C TЯX CEPBИЗHA ДEЙHOCT. OTДABAHE ПOД HAEM  ИЛИ ПOД APEHДA HA ПOMEЩEHИЯ, CГPAДИ И ДPУГИ ДBИЖИMИ ИЛИ HEДBИЖИMИ  ИMУЩECTBA, KAKTO И ПPEOTДABAHE HA TAKИBA ИMУЩECTBA,КАКТО И ПРОИЗВОДСТВО НА ЕЛЕКТРИЧЕСКА ЕНЕРГИЯ.</SubjectOfActivity></RecordData><RecordId>697576</RecordId><IncomingId>125882</IncomingId><FieldIdent>00060</FieldIdent><MainField><GroupId>415</GroupId><GroupName>Основни обстоятелства</GroupName><SectionId>1</SectionId><SectionName>Общ статус</SectionName><MainFieldIdent>00060</MainFieldIdent><MainFieldCode>6</MainFieldCode><MainFieldName>Предмет на дейност</MainFieldName></MainField><FieldEntryNumber>20080331135920</FieldEntryNumber><FieldActionDate>2008-03-31T13:59:20</FieldActionDate></Record><Record><RecordData><Representative><Subject CompetentAuthorityForRegistration="" RegistrationNumber="" IsForeignTraderText="0"><Indent>6666666660</Indent><Name>Георги Иванов Татарски</Name><IndentType>EGN</IndentType><CountryID>1</CountryID><CountryName>БЪЛГАРИЯ</CountryName></Subject><Person CompetentAuthorityForRegistration="" RegistrationNumber="" IsForeignTraderText="0"><Indent /><Name /><IndentType>Undefined</IndentType><CountryID xsi:nil="true" xmlns:xsi="http://www.w3.org/2001/XMLSchema-instance" /><CountryName /></Person></Representative></RecordData><RecordId>40117933</RecordId><IncomingId>14612718</IncomingId><FieldIdent>001000</FieldIdent><MainField><GroupId>415</GroupId><GroupName>Основни обстоятелства</GroupName><SectionId>1</SectionId><SectionName>Общ статус</SectionName><MainFieldIdent>00100</MainFieldIdent><MainFieldCode>10</MainFieldCode><MainFieldName>Представители</MainFieldName></MainField><FieldEntryNumber>20140605173814</FieldEntryNumber><FieldActionDate>2014-06-05T17:38:14</FieldActionDate></Record><Record><RecordData><Representative><Subject CompetentAuthorityForRegistration="" RegistrationNumber="" IsForeignTraderText="0"><Indent>7777777770</Indent><Name>Милко Константинов Димитров</Name><IndentType>EGN</IndentType><CountryID>1</CountryID><CountryName>БЪЛГАРИЯ</CountryName></Subject><Person CompetentAuthorityForRegistration="" RegistrationNumber="" IsForeignTraderText="0"><Indent /><Name /><IndentType>Undefined</IndentType><CountryID xsi:nil="true" xmlns:xsi="http://www.w3.org/2001/XMLSchema-instance" /><CountryName /></Person></Representative></RecordData><RecordId>40117934</RecordId><IncomingId>14612718</IncomingId><FieldIdent>001000</FieldIdent><MainField><GroupId>415</GroupId><GroupName>Основни обстоятелства</GroupName><SectionId>1</SectionId><SectionName>Общ статус</SectionName><MainFieldIdent>00100</MainFieldIdent><MainFieldCode>10</MainFieldCode><MainFieldName>Представители</MainFieldName></MainField><FieldEntryNumber>20140605173814</FieldEntryNumber><FieldActionDate>2014-06-05T17:38:14</FieldActionDate></Record><Record><RecordData><WayOfRepresentation jointly="1" severally="0" otherWay="0" /></RecordData><RecordId>40117932</RecordId><IncomingId>14612718</IncomingId><FieldIdent>00110</FieldIdent><MainField><GroupId>415</GroupId><GroupName>Основни обстоятелства</GroupName><SectionId>1</SectionId><SectionName>Общ статус</SectionName><MainFieldIdent>00110</MainFieldIdent><MainFieldCode>11</MainFieldCode><MainFieldName>Начин на представляване</MainFieldName></MainField><FieldEntryNumber>20140605173814</FieldEntryNumber><FieldActionDate>2014-06-05T17:38:14</FieldActionDate></Record><Record><RecordData><BoardManager2><Subject CompetentAuthorityForRegistration="" RegistrationNumber="" IsForeignTraderText="0"><Indent>8888888880</Indent><Name>Гриша Данаилов Ганчев</Name><IndentType>EGN</IndentType><CountryID>1</CountryID><CountryName>БЪЛГАРИЯ</CountryName></Subject></BoardManager2></RecordData><RecordId>40117957</RecordId><IncomingId>14612718</IncomingId><FieldIdent>001321</FieldIdent><MainField><GroupId>415</GroupId><GroupName>Основни обстоятелства</GroupName><SectionId>1</SectionId><SectionName>Общ статус</SectionName><MainFieldIdent>00132</MainFieldIdent><MainFieldCode>13</MainFieldCode><MainFieldName>Управителен съвет</MainFieldName></MainField><FieldEntryNumber>20141027145703</FieldEntryNumber><FieldActionDate>2014-10-27T14:57:03</FieldActionDate></Record><Record><RecordData><BoardManager2><Subject CompetentAuthorityForRegistration="" RegistrationNumber="" IsForeignTraderText="0"><Indent>9999999990</Indent><Name>Милко Константинов Димитров</Name><IndentType>EGN</IndentType><CountryID>1</CountryID><CountryName>БЪЛГАРИЯ</CountryName></Subject></BoardManager2></RecordData><RecordId>40117958</RecordId><IncomingId>14612718</IncomingId><FieldIdent>001321</FieldIdent><MainField><GroupId>415</GroupId><GroupName>Основни обстоятелства</GroupName><SectionId>1</SectionId><SectionName>Общ статус</SectionName><MainFieldIdent>00132</MainFieldIdent><MainFieldCode>13</MainFieldCode><MainFieldName>Управителен съвет</MainFieldName></MainField><FieldEntryNumber>20141027145703</FieldEntryNumber><FieldActionDate>2014-10-27T14:57:03</FieldActionDate></Record><Record><RecordData><BoardManager2><Subject CompetentAuthorityForRegistration="" RegistrationNumber="" IsForeignTraderText="0"><Indent>6666666660</Indent><Name>Георги Иванов Татарски</Name><IndentType>EGN</IndentType><CountryID>1</CountryID><CountryName>БЪЛГАРИЯ</CountryName></Subject></BoardManager2></RecordData><RecordId>40117960</RecordId><IncomingId>14612718</IncomingId><FieldIdent>001321</FieldIdent><MainField><GroupId>415</GroupId><GroupName>Основни обстоятелства</GroupName><SectionId>1</SectionId><SectionName>Общ статус</SectionName><MainFieldIdent>00132</MainFieldIdent><MainFieldCode>13</MainFieldCode><MainFieldName>Управителен съвет</MainFieldName></MainField><FieldEntryNumber>20141027145703</FieldEntryNumber><FieldActionDate>2014-10-27T14:57:03</FieldActionDate></Record><Record><RecordData><BoardManager2><Subject CompetentAuthorityForRegistration="" RegistrationNumber="" IsForeignTraderText="0"><Indent>1212121210</Indent><Name>Лъчезар Николов Граматиков</Name><IndentType>EGN</IndentType><CountryID>1</CountryID><CountryName>БЪЛГАРИЯ</CountryName></Subject></BoardManager2></RecordData><RecordId>43109203</RecordId><IncomingId>15746379</IncomingId><FieldIdent>001321</FieldIdent><MainField><GroupId>415</GroupId><GroupName>Основни обстоятелства</GroupName><SectionId>1</SectionId><SectionName>Общ статус</SectionName><MainFieldIdent>00132</MainFieldIdent><MainFieldCode>13</MainFieldCode><MainFieldName>Управителен съвет</MainFieldName></MainField><FieldEntryNumber>20141027145703</FieldEntryNumber><FieldActionDate>2014-10-27T14:57:03</FieldActionDate></Record><Record><RecordData><BoardManager2><Subject CompetentAuthorityForRegistration="" RegistrationNumber="" IsForeignTraderText="0"><Indent>1313131310</Indent><Name>Кирил Емилов Шилегов</Name><IndentType>EGN</IndentType><CountryID>1</CountryID><CountryName>БЪЛГАРИЯ</CountryName></Subject></BoardManager2></RecordData><RecordId>43109204</RecordId><IncomingId>15746379</IncomingId><FieldIdent>001321</FieldIdent><MainField><GroupId>415</GroupId><GroupName>Основни обстоятелства</GroupName><SectionId>1</SectionId><SectionName>Общ статус</SectionName><MainFieldIdent>00132</MainFieldIdent><MainFieldCode>13</MainFieldCode><MainFieldName>Управителен съвет</MainFieldName></MainField><FieldEntryNumber>20141027145703</FieldEntryNumber><FieldActionDate>2014-10-27T14:57:03</FieldActionDate></Record><Record><RecordData><SupervisingBoardMandate MandateTypeText="">17.09.2019</SupervisingBoardMandate></RecordData><RecordId>42870110</RecordId><IncomingId>15588883</IncomingId><FieldIdent>001400</FieldIdent><MainField><GroupId>415</GroupId><GroupName>Основни обстоятелства</GroupName><SectionId>1</SectionId><SectionName>Общ статус</SectionName><MainFieldIdent>00140</MainFieldIdent><MainFieldCode>14</MainFieldCode><MainFieldName>Надзорен съвет</MainFieldName></MainField><FieldEntryNumber>20141014110401</FieldEntryNumber><FieldActionDate>2014-10-14T11:04:01</FieldActionDate></Record><Record><RecordData><Supervisor><Subject CompetentAuthorityForRegistration="" RegistrationNumber="" IsForeignTraderText="0"><Indent>203177666</Indent><Name>ПЕТРОЛ КОРЕКТ</Name><IndentType>UIC</IndentType><CountryID>1</CountryID><CountryName>БЪЛГАРИЯ</CountryName></Subject></Supervisor></RecordData><RecordId>42870111</RecordId><IncomingId>15588883</IncomingId><FieldIdent>001401</FieldIdent><MainField><GroupId>415</GroupId><GroupName>Основни обстоятелства</GroupName><SectionId>1</SectionId><SectionName>Общ статус</SectionName><MainFieldIdent>00140</MainFieldIdent><MainFieldCode>14</MainFieldCode><MainFieldName>Надзорен съвет</MainFieldName></MainField><FieldEntryNumber>20141014110401</FieldEntryNumber><FieldActionDate>2014-10-14T11:04:01</FieldActionDate></Record><Record><RecordData><Supervisor><Subject CompetentAuthorityForRegistration="" RegistrationNumber="" IsForeignTraderText="0"><Indent>203176781</Indent><Name>ПЕТРОЛ АСЕТ МЕНИДЖМЪНТ</Name><IndentType>UIC</IndentType><CountryID>1</CountryID><CountryName>БЪЛГАРИЯ</CountryName></Subject></Supervisor></RecordData><RecordId>42870112</RecordId><IncomingId>15588883</IncomingId><FieldIdent>001401</FieldIdent><MainField><GroupId>415</GroupId><GroupName>Основни обстоятелства</GroupName><SectionId>1</SectionId><SectionName>Общ статус</SectionName><MainFieldIdent>00140</MainFieldIdent><MainFieldCode>14</MainFieldCode><MainFieldName>Надзорен съвет</MainFieldName></MainField><FieldEntryNumber>20141014110401</FieldEntryNumber><FieldActionDate>2014-10-14T11:04:01</FieldActionDate></Record><Record><RecordData><Supervisor><Subject CompetentAuthorityForRegistration="" RegistrationNumber="" IsForeignTraderText="0"><Indent>1414141410</Indent><Name>ИВАН АЛИПИЕВ ВОЙНОВСКИ</Name><IndentType>EGN</IndentType><CountryID>1</CountryID><CountryName>БЪЛГАРИЯ</CountryName></Subject></Supervisor></RecordData><RecordId>42870113</RecordId><IncomingId>15588883</IncomingId><FieldIdent>001401</FieldIdent><MainField><GroupId>415</GroupId><GroupName>Основни обстоятелства</GroupName><SectionId>1</SectionId><SectionName>Общ статус</SectionName><MainFieldIdent>00140</MainFieldIdent><MainFieldCode>14</MainFieldCode><MainFieldName>Надзорен съвет</MainFieldName></MainField><FieldEntryNumber>20141014110401</FieldEntryNumber><FieldActionDate>2014-10-14T11:04:01</FieldActionDate></Record><Record><RecordData><Funds>109249612</Funds></RecordData><RecordId>697913</RecordId><IncomingId>125882</IncomingId><FieldIdent>00310</FieldIdent><MainField><GroupId>16</GroupId><GroupName>Капитал</GroupName><SectionId>1</SectionId><SectionName>Общ статус</SectionName><MainFieldIdent>00310</MainFieldIdent><MainFieldCode>31</MainFieldCode><MainFieldName>Размер</MainFieldName></MainField><FieldEntryNumber>20080331135920</FieldEntryNumber><FieldActionDate>2008-03-31T13:59:20</FieldActionDate></Record><Record><RecordData><Share><Type>ПОИМЕННИ БЕЗНАЛИЧНИ</Type><Count>109249612</Count><NominalValue>1</NominalValue></Share></RecordData><RecordId>697914</RecordId><IncomingId>125882</IncomingId><FieldIdent>003112</FieldIdent><MainField><GroupId>16</GroupId><GroupName>Капитал</GroupName><SectionId>1</SectionId><SectionName>Общ статус</SectionName><MainFieldIdent>00311</MainFieldIdent><MainFieldCode>31а</MainFieldCode><MainFieldName>Акции</MainFieldName></MainField><FieldEntryNumber>20080331135920</FieldEntryNumber><FieldActionDate>2008-03-31T13:59:20</FieldActionDate></Record><Record><RecordData><DepositedFunds>109249612</DepositedFunds></RecordData><RecordId>697915</RecordId><IncomingId>125882</IncomingId><FieldIdent>00320</FieldIdent><MainField><GroupId>16</GroupId><GroupName>Капитал</GroupName><SectionId>1</SectionId><SectionName>Общ статус</SectionName><MainFieldIdent>00320</MainFieldIdent><MainFieldCode>32</MainFieldCode><MainFieldName>Внесен капитал</MainFieldName></MainField><FieldEntryNumber>20080331135920</FieldEntryNumber><FieldActionDate>2008-03-31T13:59:20</FieldActionDate></Record></Records></Deed><DataValidForDate>2017-06-06T13:19:17.3124427+03:00</DataValidForDate></ActualStateResponseV2>
