<DiplomaDocumentsResponse xmlns="http://egov.bg/RegiX/MOMN/RDSO/DiplomaDocumentsResponse"><DiplomaDocument><intID xmlns="http://egov.bg/RegiX/MOMN/RDSO">7</intID><intStudentID xmlns="http://egov.bg/RegiX/MOMN/RDSO">9703047087</intStudentID><IDType xmlns="http://egov.bg/RegiX/MOMN/RDSO">LNCh</IDType><vcName1 xmlns="http://egov.bg/RegiX/MOMN/RDSO">Петър</vcName1><vcName2 xmlns="http://egov.bg/RegiX/MOMN/RDSO">Велков</vcName2><vcName3 xmlns="http://egov.bg/RegiX/MOMN/RDSO">Петков</vcName3><intBPlaceE xmlns="http://egov.bg/RegiX/MOMN/RDSO">4</intBPlaceE><codeNationality xmlns="http://egov.bg/RegiX/MOMN/RDSO">zda</codeNationality><boolGender xmlns="http://egov.bg/RegiX/MOMN/RDSO">true</boolGender><intDocumentType xmlns="http://egov.bg/RegiX/MOMN/RDSO">6</intDocumentType><vcDocumentName xmlns="http://egov.bg/RegiX/MOMN/RDSO">Заявка</vcDocumentName><intYearGraduated xmlns="http://egov.bg/RegiX/MOMN/RDSO">2013</intYearGraduated><vcPrnSer xmlns="http://egov.bg/RegiX/MOMN/RDSO">164/56-94</vcPrnSer><vcPrnNo xmlns="http://egov.bg/RegiX/MOMN/RDSO">46546</vcPrnNo><vcRegNo1 xmlns="http://egov.bg/RegiX/MOMN/RDSO">354-1351/435</vcRegNo1><vcRegNo2 xmlns="http://egov.bg/RegiX/MOMN/RDSO">41684-5/465</vcRegNo2><dtRegDate xmlns="http://egov.bg/RegiX/MOMN/RDSO">2016-03-31T12:07:20.3069319+03:00</dtRegDate><intSchoolID xmlns="http://egov.bg/RegiX/MOMN/RDSO">12</intSchoolID><vcSchoolName xmlns="http://egov.bg/RegiX/MOMN/RDSO">СУ Св. Климент Охридски</vcSchoolName><intEKATTE xmlns="http://egov.bg/RegiX/MOMN/RDSO">6884</intEKATTE><intVETSpeciality xmlns="http://egov.bg/RegiX/MOMN/RDSO">165868</intVETSpeciality><vcVETSpecialityName xmlns="http://egov.bg/RegiX/MOMN/RDSO">Софтуерно инженерство</vcVETSpecialityName><intVETLevel xmlns="http://egov.bg/RegiX/MOMN/RDSO">5</intVETLevel><vcVETLevelName xmlns="http://egov.bg/RegiX/MOMN/RDSO">III СПК</vcVETLevelName><intVETGroupIdent xmlns="http://egov.bg/RegiX/MOMN/RDSO">4</intVETGroupIdent><intEdForm xmlns="http://egov.bg/RegiX/MOMN/RDSO">3</intEdForm><vcEdFormName xmlns="http://egov.bg/RegiX/MOMN/RDSO">редовна</vcEdFormName><intClassType xmlns="http://egov.bg/RegiX/MOMN/RDSO">1</intClassType><vcClassTypeName xmlns="http://egov.bg/RegiX/MOMN/RDSO">профилирана</vcClassTypeName><intMeanMark xmlns="http://egov.bg/RegiX/MOMN/RDSO">1</intMeanMark><DocumentImages xmlns="http://egov.bg/RegiX/MOMN/RDSO"><DocumentImage>AQE=</DocumentImage><DocumentImage>AAE=</DocumentImage></DocumentImages></DiplomaDocument></DiplomaDocumentsResponse>
