<DocumentsByStudentResponse xmlns="http://egov.bg/RegiX/NAPOO/DocumentsByStudentResponse"><StudentDocument><ClientID xmlns="http://egov.bg/RegiX/NAPOO">123</ClientID><StudentIdentifier xmlns="http://egov.bg/RegiX/NAPOO">9501013434</StudentIdentifier><FirstName xmlns="http://egov.bg/RegiX/NAPOO">Димитър</FirstName><MiddleName xmlns="http://egov.bg/RegiX/NAPOO">Георгиев</MiddleName><LastName xmlns="http://egov.bg/RegiX/NAPOO">Иванов</LastName><LicenceNumber xmlns="http://egov.bg/RegiX/NAPOO">3155</LicenceNumber><ProfessionalEduCenter xmlns="http://egov.bg/RegiX/NAPOO">Софийски университет</ProfessionalEduCenter><ProfessionalEduCenterLocation xmlns="http://egov.bg/RegiX/NAPOO">София</ProfessionalEduCenterLocation><DocumentTypeID xmlns="http://egov.bg/RegiX/NAPOO">5</DocumentTypeID><DocumentType xmlns="http://egov.bg/RegiX/NAPOO">Медицина</DocumentType><EducationTypeID xmlns="http://egov.bg/RegiX/NAPOO">3</EducationTypeID><EducationType xmlns="http://egov.bg/RegiX/NAPOO">Информатика</EducationType><ProfessionCodeAndName xmlns="http://egov.bg/RegiX/NAPOO">Инженер</ProfessionCodeAndName><SubjectCodeAndName xmlns="http://egov.bg/RegiX/NAPOO">Софтуерно инженерство</SubjectCodeAndName><QualificationDegree xmlns="http://egov.bg/RegiX/NAPOO">56</QualificationDegree><GraduationYear xmlns="http://egov.bg/RegiX/NAPOO">2015</GraduationYear><DocumentSeries xmlns="http://egov.bg/RegiX/NAPOO">1234</DocumentSeries><DocumentSerialNumber xmlns="http://egov.bg/RegiX/NAPOO">123кн3124</DocumentSerialNumber><DocumentRegistrationNumber xmlns="http://egov.bg/RegiX/NAPOO">4321</DocumentRegistrationNumber><DocumentIssueDate xmlns="http://egov.bg/RegiX/NAPOO">2014-02-20</DocumentIssueDate></StudentDocument><Status>true</Status><Message>Завършил</Message></DocumentsByStudentResponse>
